{
    "ea_scores": [
        289.287841796875,
        295.6104736328125,
        297.8853759765625,
        295.6278076171875,
        308.246337890625
    ],
    "pso_scores": [
        311.00048828125,
        311.00048828125,
        311.00048828125,
        311.00048828125,
        311.00048828125
    ],
    "generations": 5
}