{
    "budget": 2000,
    "ppo": {
        "timesteps": [
            28,
            114,
            191,
            375,
            457,
            528,
            598,
            650,
            1018,
            1040,
            1247,
            1377,
            1429,
            1484,
            1626,
            1710,
            1800,
            1943
        ],
        "best_rewards": [
            -50.6368408203125,
            343.060791015625,
            343.060791015625,
            949.3133544921875,
            949.3133544921875,
            949.3133544921875,
            949.3133544921875,
            949.3133544921875,
            1794.9210205078125,
            1794.9210205078125,
            1794.9210205078125,
            1794.9210205078125,
            1794.9210205078125,
            1794.9210205078125,
            1794.9210205078125,
            1794.9210205078125,
            1794.9210205078125,
            1794.9210205078125
        ]
    },
    "ea": {
        "timesteps": [
            40,
            80,
            120,
            160,
            200,
            240,
            280,
            320,
            360,
            400,
            440,
            480,
            520,
            560,
            600,
            640,
            680,
            720,
            760,
            800,
            840,
            880,
            920,
            960,
            1000,
            1040,
            1080,
            1120,
            1160,
            1200,
            1240,
            1280,
            1320,
            1360,
            1400,
            1440,
            1480,
            1520,
            1560,
            1600,
            1640,
            1680,
            1720,
            1760,
            1800,
            1840,
            1880,
            1920,
            1960,
            2000
        ],
        "best_rewards": [
            293.313232421875,
            294.9246826171875,
            294.9246826171875,
            294.9246826171875,
            294.9246826171875,
            294.9246826171875,
            294.9246826171875,
            294.9246826171875,
            294.9246826171875,
            294.9246826171875,
            294.9246826171875,
            294.9246826171875,
            294.9246826171875,
            294.9246826171875,
            294.9246826171875,
            294.9246826171875,
            294.9246826171875,
            294.9246826171875,
            294.9246826171875,
            294.9246826171875,
            302.7327880859375,
            302.7327880859375,
            302.7327880859375,
            302.7327880859375,
            303.42333984375,
            303.42333984375,
            303.42333984375,
            303.42333984375,
            303.42333984375,
            303.42333984375,
            303.42333984375,
            303.42333984375,
            303.42333984375,
            303.42333984375,
            303.42333984375,
            303.42333984375,
            303.42333984375,
            303.42333984375,
            310.575439453125,
            310.575439453125,
            310.575439453125,
            310.575439453125,
            310.575439453125,
            310.575439453125,
            310.575439453125,
            312.2554931640625,
            312.2554931640625,
            312.2554931640625,
            320.418701171875,
            320.418701171875
        ]
    }
}